{"cameraMode":{"drawMode":0,"name":"Shaded","section":"Shading Mode"},"sceneLighting":true,"audioPlay":false,"sceneViewState":{"showFog":true,"showMaterialUpdate":true,"showSkybox":true,"showFlares":true,"showImageEffects":true,"showParticleSystems":true},"in2DMode":false,"pivot":{"x":76.28748321533203,"y":186.44944763183595,"z":5.033763885498047},"rotation":{"x":-0.10360808670520783,"y":0.01700427755713463,"z":-0.0017716559814289213,"w":-0.9944713115692139},"size":17.370563507080079,"orthographic":false}