{"cameraMode":{"drawMode":0,"name":"Shaded","section":"Shading Mode"},"sceneLighting":true,"audioPlay":false,"sceneViewState":{"showFog":true,"showMaterialUpdate":true,"showSkybox":true,"showFlares":true,"showImageEffects":true,"showParticleSystems":true},"in2DMode":false,"pivot":{"x":2.6544365882873537,"y":-0.37953922152519228,"z":-0.2642107605934143},"rotation":{"x":-0.30868369340896609,"y":0.001994710648432374,"z":-0.0006474340916611254,"w":-0.9511625170707703},"size":17.389806747436525,"orthographic":false}