{"cameraMode":{"drawMode":0,"name":"Shaded","section":"Shading Mode"},"sceneLighting":true,"audioPlay":false,"sceneViewState":{"showFog":true,"showMaterialUpdate":true,"showSkybox":true,"showFlares":true,"showImageEffects":true,"showParticleSystems":true},"in2DMode":false,"pivot":{"x":0.8722823858261108,"y":0.35143762826919558,"z":89.8331069946289},"rotation":{"x":0.014687778428196907,"y":0.017094405367970468,"z":0.0002510900958441198,"w":-0.9997469782829285},"size":10.865621566772461,"orthographic":false}